<?xml version="1.0" encoding="UTF-8"?>
<GO_TRANSACTIONS>
  <MESSAGE_ID>7PYL8X8CYREE6NW3CA</MESSAGE_ID>
  <TRANSACTION_ID>1232864</TRANSACTION_ID>
  <SENDER_ID>MSIP001SO</SENDER_ID>
  <RECEIVER_ID>SANMINA</RECEIVER_ID>
  <TRANSACTION_TYPE>SO_BOOK</TRANSACTION_TYPE>
  <HDR_TP_CODE>MSIP001SO@82</HDR_TP_CODE>
  <PO_PURPOSE_CODE/>
  <HDR_ORDER_TYPE>EF_PEN</HDR_ORDER_TYPE>
  <CUST_PO_NUMBER>5109148780172</CUST_PO_NUMBER>
  <ORDERED_DATE>11-JAN-2023</ORDERED_DATE>
  <CURRENCY>USD</CURRENCY>
  <TAX_ID_NUMBER/>
  <TAX_NO_TAX/>
  <ROUTING_CARRIER>Best Way Surface</ROUTING_CARRIER>
  <VERSION_NUMBER>0</VERSION_NUMBER>
  <EDI_PARTNER_NAME/>
  <HDR_ATTRIBUTE1/>
  <CHANGE_ORDER_TYPE/>
  <RELEASE_NUMBER/>
  <BLANKET_PERIOD_START/>
  <BLANKET_PERIOD_END/>
  <PARTIAL_SHIP_FLAG/>
  <HDR_ATTRIBUTE2/>
  <HDR_ATTRIBUTE3/>
  <HDR_ATTRIBUTE4/>
  <HDR_ATTRIBUTE5/>
  <FOB_POINT_CODE>EXW</FOB_POINT_CODE>
  <HDR_SHIPPING_INSTRUCTION>5109148780172</HDR_SHIPPING_INSTRUCTION>
  <HDR_PACKING/>
  <HDR_LONG_NOTES/>
  <BILL_TO_ID>1159388</BILL_TO_ID>
  <BILL_TO_ADDRESS1>UNIT 911, 9/F, THE OCTAGON, NO 6 SHA TSUI ROAD</BILL_TO_ADDRESS1>
  <BILL_TO_ADDRESS2>TSUEN WAN, NEW TERRITORIES</BILL_TO_ADDRESS2>
  <BILL_TO_ADDRESS3/>
  <BILL_TO_ADDRESS4/>
  <BILL_TO_CITY>HONG KONG</BILL_TO_CITY>
  <BILL_TO_STATE/>
  <BILL_TO_ZIP_CODE/>
  <BILL_TO_COUNTRY>HK</BILL_TO_COUNTRY>
  <SELLER_TO_ID>1160529</SELLER_TO_ID>
  <SELLER_TO_ADDRESS1>NO.21-23, JALAN BATU MAUNG, DIS3PLEX FCZ</SELLER_TO_ADDRESS1>
  <SELLER_TO_ADDRESS2>AIRFREIGHT FORWARDERS WAREHOUSING CARGO COMPLEX</SELLER_TO_ADDRESS2>
  <SELLER_TO_ADDRESS3/>
  <SELLER_TO_ADDRESS4/>
  <SELLER_TO_CITY>PENANG</SELLER_TO_CITY>
  <SELLER_TO_STATE/>
  <SELLER_TO_ZIP_CODE>11960</SELLER_TO_ZIP_CODE>
  <SELLER_TO_COUNTRY>MY</SELLER_TO_COUNTRY>
  <END_CUSTOMER_NAME>INFOCOM COMPANY LIMITED</END_CUSTOMER_NAME>
  <END_CUSTOMER_NUMBER>1036915504</END_CUSTOMER_NUMBER>
  <ULTIMATE_ADDRESS_LINE_1>ASSADANG RD.,WAT RATCHABOPIT,PHRA NAKOM</ULTIMATE_ADDRESS_LINE_1>
  <ULTIMATE_ADDRESS_LINE_2/>
  <ULTIMATE_ADDRESS_LINE_3/>
  <ULTIMATE_ADDRESS_LINE_4/>
  <ULTIMATE_CITY>BANGKOK</ULTIMATE_CITY>
  <ULTIMATE_ZIP>10200</ULTIMATE_ZIP>
  <ULTIMATE_STATE/>
  <ULTIMATE_COUNTRY>TH</ULTIMATE_COUNTRY>
  <DATA_SOURCE>MOTO-B2B</DATA_SOURCE>
  <HDR_WAREHOUSE_CODE>US7</HDR_WAREHOUSE_CODE>
  <CUSTOMER_SALES_ORDER_NUMBER>320287194599</CUSTOMER_SALES_ORDER_NUMBER>
  <PO_NUMBER>SM95792945</PO_NUMBER>
  <ORDER_FLOW_STATUS_CODE>BOOKED</ORDER_FLOW_STATUS_CODE>
  <FREIGHT_TERMS>FREIGHT COLLECT</FREIGHT_TERMS>
  <SHIPMENT_PRIORITY>Yes Early / Yes Partial</SHIPMENT_PRIORITY>
  <SCAC_CODE>BWS</SCAC_CODE>
  <FREIGHT_MODE>TRUCK</FREIGHT_MODE>
  <FREIGHT_SERVICE_LEVEL>Express</FREIGHT_SERVICE_LEVEL>
  <SHIP_METHOD>BWS</SHIP_METHOD>
  <ORIG_SYS_DOCUMENT_REF>5109148780172-01</ORIG_SYS_DOCUMENT_REF>
  <ATTRIBUTE1>28-DEC-2022</ATTRIBUTE1>
  <ATTRIBUTE2/>
  <ATTRIBUTE3>1</ATTRIBUTE3>
  <ATTRIBUTE4>43370069</ATTRIBUTE4>
  <ATTRIBUTE5>TH</ATTRIBUTE5>
  <ATTRIBUTE6>Y</ATTRIBUTE6>
  <ATTRIBUTE7>Y</ATTRIBUTE7>
  <ATTRIBUTE8>00</ATTRIBUTE8>
  <ATTRIBUTE9>11-JAN-2023</ATTRIBUTE9>
  <ATTRIBUTE10>12-FEB-2023</ATTRIBUTE10>
  <ATTRIBUTE11>60394</ATTRIBUTE11>
  <ATTRIBUTE12>1036915504</ATTRIBUTE12>
  <ATTRIBUTE13>12</ATTRIBUTE13>
  <ATTRIBUTE14/>
  <ATTRIBUTE15/>
  <ATTRIBUTE16/>
  <ATTRIBUTE17>. 16</ATTRIBUTE17>
  <ATTRIBUTE18>TBD</ATTRIBUTE18>
  <ATTRIBUTE19/>
  <ATTRIBUTE20/>
  <SOL_TRANS_REC>
    <LINE_TP_CODE/>
    <PO_LINE_NUMBER>1</PO_LINE_NUMBER>
    <LINE_NUMBER>1</LINE_NUMBER>
    <ORDERED_QUANTITY>1000</ORDERED_QUANTITY>
    <UNIT_OF_MEASURE>EA</UNIT_OF_MEASURE>
    <UNIT_SELLING_PRICE>15.5657</UNIT_SELLING_PRICE>
    <ORDERED_ITEM>NNTN8023C</ORDERED_ITEM>
    <ITEM_REVISION/>
    <VENDOR_PART_NUMBER/>
    <LINE_ATTRIBUTE1>YE/YP</LINE_ATTRIBUTE1>
    <LINE_ATTRIBUTE2/>
    <LINE_CHANGE_TYPE/>
    <QTY_LEFT_TO_RECEIVE/>
    <ITEM_TYPE_CODE>STANDARD</ITEM_TYPE_CODE>
    <MODEL_LINE_ID/>
    <LINK_TO_MODEL_LINE_ID/>
    <SHIP_SET_NAME>152</SHIP_SET_NAME>
    <LINE_SHIPPING_INSTRUCTIONS>5109148780172</LINE_SHIPPING_INSTRUCTIONS>
    <LINE_PACKING_INSTRUCTIONS/>
    <LINE_LONG_NOTES/>
    <SHIPMENT_LINE_NUMBER>1</SHIPMENT_LINE_NUMBER>
    <REQUEST_DATE>14-DEC-2023</REQUEST_DATE>
    <SCHEDULE_SHIP_DATE>14-JUL-2023</SCHEDULE_SHIP_DATE>
    <PROMISE_DATE>30-SEP-2023</PROMISE_DATE>
    <ITEM_DESCRIPTION>BATTERY PACK,LITHIUM ION,BATT LIION 2200T</ITEM_DESCRIPTION>
    <SHIP_TO_ID>1160529</SHIP_TO_ID>
    <SHIP_TO_ADDRESS1>NO.21-23, JALAN BATU MAUNG, DIS3PLEX FCZ</SHIP_TO_ADDRESS1>
    <SHIP_TO_ADDRESS2>AIRFREIGHT FORWARDERS WAREHOUSING CARGO COMPLEX</SHIP_TO_ADDRESS2>
    <SHIP_TO_ADDRESS3/>
    <SHIP_TO_ADDRESS4/>
    <SHIP_TO_CITY>PENANG</SHIP_TO_CITY>
    <SHIP_TO_STATE/>
    <SHIP_TO_ZIP_CODE>11960</SHIP_TO_ZIP_CODE>
    <SHIP_TO_CONTACT_NAME/>
    <SHIP_TO_CONTACT_PHONE_NO/>
    <SHIP_TO_COUNTRY>MY</SHIP_TO_COUNTRY>
    <LINE_WAREHOUSE_CODE>US7</LINE_WAREHOUSE_CODE>
    <LINE_ORDER_TYPE>EF_PEN_LINE</LINE_ORDER_TYPE>
    <LINE_FLOW_STATUS_CODE>AWAITING_SHIPPING</LINE_FLOW_STATUS_CODE>
    <LINE_SPLIT_FROM_LINE_NUMBER/>
    <LINE_ROUTING_CARRIER>000001_BWS_T_XP1</LINE_ROUTING_CARRIER>
    <CANCELLED_QUANTITY>0</CANCELLED_QUANTITY>
    <ITEM_SERIAL_CODE>N</ITEM_SERIAL_CODE>
    <SELLER_SUPPLIER_NUMBER>1096968</SELLER_SUPPLIER_NUMBER>
    <SELLER_SUPPLIER_SITE_CODE>002</SELLER_SUPPLIER_SITE_CODE>
    <SHIPMENT_PRIORITY>Yes Early / Yes Partial</SHIPMENT_PRIORITY>
    <SCAC_CODE>BWS</SCAC_CODE>
    <FREIGHT_MODE>TRUCK</FREIGHT_MODE>
    <FREIGHT_SERVICE_LEVEL>Express</FREIGHT_SERVICE_LEVEL>
    <SHIP_METHOD>BWS</SHIP_METHOD>
    <LINE_ID>83809367</LINE_ID>
    <ATO_LINE_ID/>
    <ATTRIBUTE1>NA</ATTRIBUTE1>
    <ATTRIBUTE2>607</ATTRIBUTE2>
    <ATTRIBUTE3>211022</ATTRIBUTE3>
    <ATTRIBUTE4/>
    <ATTRIBUTE5>US</ATTRIBUTE5>
    <ATTRIBUTE6>0110</ATTRIBUTE6>
    <ATTRIBUTE7>RNSGVWH</ATTRIBUTE7>
    <ATTRIBUTE8>152</ATTRIBUTE8>
    <ATTRIBUTE9>12-FEB-2023</ATTRIBUTE9>
    <ATTRIBUTE10>12-FEB-2023</ATTRIBUTE10>
    <ATTRIBUTE11>152</ATTRIBUTE11>
    <ATTRIBUTE12/>
    <ATTRIBUTE13/>
    <ATTRIBUTE14>*</ATTRIBUTE14>
    <ATTRIBUTE15/>
    <ATTRIBUTE16/>
    <ATTRIBUTE17/>
    <ATTRIBUTE18>SO Promise Date Changed</ATTRIBUTE18>
    <ATTRIBUTE19/>
    <ATTRIBUTE20/>
  </SOL_TRANS_REC>
  <SOL_TRANS_REC>
    <LINE_TP_CODE/>
    <PO_LINE_NUMBER>2</PO_LINE_NUMBER>
    <LINE_NUMBER>2</LINE_NUMBER>
    <ORDERED_QUANTITY>1000</ORDERED_QUANTITY>
    <UNIT_OF_MEASURE>EA</UNIT_OF_MEASURE>
    <UNIT_SELLING_PRICE>15.5657</UNIT_SELLING_PRICE>
    <ORDERED_ITEM>NNTN8023C</ORDERED_ITEM>
    <ITEM_REVISION/>
    <VENDOR_PART_NUMBER/>
    <LINE_ATTRIBUTE1>YE/YP</LINE_ATTRIBUTE1>
    <LINE_ATTRIBUTE2/>
    <LINE_CHANGE_TYPE/>
    <QTY_LEFT_TO_RECEIVE/>
    <ITEM_TYPE_CODE>STANDARD</ITEM_TYPE_CODE>
    <MODEL_LINE_ID/>
    <LINK_TO_MODEL_LINE_ID/>
    <SHIP_SET_NAME>153</SHIP_SET_NAME>
    <LINE_SHIPPING_INSTRUCTIONS>5109148780172</LINE_SHIPPING_INSTRUCTIONS>
    <LINE_PACKING_INSTRUCTIONS/>
    <LINE_LONG_NOTES/>
    <SHIPMENT_LINE_NUMBER>1</SHIPMENT_LINE_NUMBER>
    <REQUEST_DATE>14-DEC-2023</REQUEST_DATE>
    <SCHEDULE_SHIP_DATE>14-JUL-2023</SCHEDULE_SHIP_DATE>
    <PROMISE_DATE>30-SEP-2023</PROMISE_DATE>
    <ITEM_DESCRIPTION>BATTERY PACK,LITHIUM ION,BATT LIION 2200T</ITEM_DESCRIPTION>
    <SHIP_TO_ID>1160529</SHIP_TO_ID>
    <SHIP_TO_ADDRESS1>NO.21-23, JALAN BATU MAUNG, DIS3PLEX FCZ</SHIP_TO_ADDRESS1>
    <SHIP_TO_ADDRESS2>AIRFREIGHT FORWARDERS WAREHOUSING CARGO COMPLEX</SHIP_TO_ADDRESS2>
    <SHIP_TO_ADDRESS3/>
    <SHIP_TO_ADDRESS4/>
    <SHIP_TO_CITY>PENANG</SHIP_TO_CITY>
    <SHIP_TO_STATE/>
    <SHIP_TO_ZIP_CODE>11960</SHIP_TO_ZIP_CODE>
    <SHIP_TO_CONTACT_NAME/>
    <SHIP_TO_CONTACT_PHONE_NO/>
    <SHIP_TO_COUNTRY>MY</SHIP_TO_COUNTRY>
    <LINE_WAREHOUSE_CODE>US7</LINE_WAREHOUSE_CODE>
    <LINE_ORDER_TYPE>EF_PEN_LINE</LINE_ORDER_TYPE>
    <LINE_FLOW_STATUS_CODE>AWAITING_SHIPPING</LINE_FLOW_STATUS_CODE>
    <LINE_SPLIT_FROM_LINE_NUMBER/>
    <LINE_ROUTING_CARRIER>000001_BWS_T_XP1</LINE_ROUTING_CARRIER>
    <CANCELLED_QUANTITY>0</CANCELLED_QUANTITY>
    <ITEM_SERIAL_CODE>N</ITEM_SERIAL_CODE>
    <SELLER_SUPPLIER_NUMBER>1096968</SELLER_SUPPLIER_NUMBER>
    <SELLER_SUPPLIER_SITE_CODE>002</SELLER_SUPPLIER_SITE_CODE>
    <SHIPMENT_PRIORITY>Yes Early / Yes Partial</SHIPMENT_PRIORITY>
    <SCAC_CODE>BWS</SCAC_CODE>
    <FREIGHT_MODE>TRUCK</FREIGHT_MODE>
    <FREIGHT_SERVICE_LEVEL>Express</FREIGHT_SERVICE_LEVEL>
    <SHIP_METHOD>BWS</SHIP_METHOD>
    <LINE_ID>83809368</LINE_ID>
    <ATO_LINE_ID/>
    <ATTRIBUTE1>1</ATTRIBUTE1>
    <ATTRIBUTE2>607</ATTRIBUTE2>
    <ATTRIBUTE3>211023</ATTRIBUTE3>
    <ATTRIBUTE4/>
    <ATTRIBUTE5>US</ATTRIBUTE5>
    <ATTRIBUTE6>0111</ATTRIBUTE6>
    <ATTRIBUTE7>RNSGVWH</ATTRIBUTE7>
    <ATTRIBUTE8>153</ATTRIBUTE8>
    <ATTRIBUTE9>12-FEB-2023</ATTRIBUTE9>
    <ATTRIBUTE10>12-FEB-2023</ATTRIBUTE10>
    <ATTRIBUTE11>153</ATTRIBUTE11>
    <ATTRIBUTE12/>
    <ATTRIBUTE13/>
    <ATTRIBUTE14>*</ATTRIBUTE14>
    <ATTRIBUTE15/>
    <ATTRIBUTE16/>
    <ATTRIBUTE17/>
    <ATTRIBUTE18>SO Promise Date Changed</ATTRIBUTE18>
    <ATTRIBUTE19/>
    <ATTRIBUTE20/>
  </SOL_TRANS_REC>
  <SOL_TRANS_REC>
    <LINE_TP_CODE/>
    <PO_LINE_NUMBER>3</PO_LINE_NUMBER>
    <LINE_NUMBER>3</LINE_NUMBER>
    <ORDERED_QUANTITY>1000</ORDERED_QUANTITY>
    <UNIT_OF_MEASURE>EA</UNIT_OF_MEASURE>
    <UNIT_SELLING_PRICE>15.5657</UNIT_SELLING_PRICE>
    <ORDERED_ITEM>NNTN8023C</ORDERED_ITEM>
    <ITEM_REVISION/>
    <VENDOR_PART_NUMBER/>
    <LINE_ATTRIBUTE1>YE/YP</LINE_ATTRIBUTE1>
    <LINE_ATTRIBUTE2/>
    <LINE_CHANGE_TYPE/>
    <QTY_LEFT_TO_RECEIVE/>
    <ITEM_TYPE_CODE>STANDARD</ITEM_TYPE_CODE>
    <MODEL_LINE_ID/>
    <LINK_TO_MODEL_LINE_ID/>
    <SHIP_SET_NAME>154</SHIP_SET_NAME>
    <LINE_SHIPPING_INSTRUCTIONS>5109148780172</LINE_SHIPPING_INSTRUCTIONS>
    <LINE_PACKING_INSTRUCTIONS/>
    <LINE_LONG_NOTES/>
    <SHIPMENT_LINE_NUMBER>1</SHIPMENT_LINE_NUMBER>
    <REQUEST_DATE>14-DEC-2023</REQUEST_DATE>
    <SCHEDULE_SHIP_DATE>14-JUL-2023</SCHEDULE_SHIP_DATE>
    <PROMISE_DATE>30-SEP-2023</PROMISE_DATE>
    <ITEM_DESCRIPTION>BATTERY PACK,LITHIUM ION,BATT LIION 2200T</ITEM_DESCRIPTION>
    <SHIP_TO_ID>1160529</SHIP_TO_ID>
    <SHIP_TO_ADDRESS1>NO.21-23, JALAN BATU MAUNG, DIS3PLEX FCZ</SHIP_TO_ADDRESS1>
    <SHIP_TO_ADDRESS2>AIRFREIGHT FORWARDERS WAREHOUSING CARGO COMPLEX</SHIP_TO_ADDRESS2>
    <SHIP_TO_ADDRESS3/>
    <SHIP_TO_ADDRESS4/>
    <SHIP_TO_CITY>PENANG</SHIP_TO_CITY>
    <SHIP_TO_STATE/>
    <SHIP_TO_ZIP_CODE>11960</SHIP_TO_ZIP_CODE>
    <SHIP_TO_CONTACT_NAME/>
    <SHIP_TO_CONTACT_PHONE_NO/>
    <SHIP_TO_COUNTRY>MY</SHIP_TO_COUNTRY>
    <LINE_WAREHOUSE_CODE>US7</LINE_WAREHOUSE_CODE>
    <LINE_ORDER_TYPE>EF_PEN_LINE</LINE_ORDER_TYPE>
    <LINE_FLOW_STATUS_CODE>AWAITING_SHIPPING</LINE_FLOW_STATUS_CODE>
    <LINE_SPLIT_FROM_LINE_NUMBER/>
    <LINE_ROUTING_CARRIER>000001_BWS_T_XP1</LINE_ROUTING_CARRIER>
    <CANCELLED_QUANTITY>0</CANCELLED_QUANTITY>
    <ITEM_SERIAL_CODE>N</ITEM_SERIAL_CODE>
    <SELLER_SUPPLIER_NUMBER>1096968</SELLER_SUPPLIER_NUMBER>
    <SELLER_SUPPLIER_SITE_CODE>002</SELLER_SUPPLIER_SITE_CODE>
    <SHIPMENT_PRIORITY>Yes Early / Yes Partial</SHIPMENT_PRIORITY>
    <SCAC_CODE>BWS</SCAC_CODE>
    <FREIGHT_MODE>TRUCK</FREIGHT_MODE>
    <FREIGHT_SERVICE_LEVEL>Express</FREIGHT_SERVICE_LEVEL>
    <SHIP_METHOD>BWS</SHIP_METHOD>
    <LINE_ID>83809369</LINE_ID>
    <ATO_LINE_ID/>
    <ATTRIBUTE1>1</ATTRIBUTE1>
    <ATTRIBUTE2>607</ATTRIBUTE2>
    <ATTRIBUTE3>211024</ATTRIBUTE3>
    <ATTRIBUTE4/>
    <ATTRIBUTE5>US</ATTRIBUTE5>
    <ATTRIBUTE6>0112</ATTRIBUTE6>
    <ATTRIBUTE7>RNSGVWH</ATTRIBUTE7>
    <ATTRIBUTE8>154</ATTRIBUTE8>
    <ATTRIBUTE9>12-FEB-2023</ATTRIBUTE9>
    <ATTRIBUTE10>12-FEB-2023</ATTRIBUTE10>
    <ATTRIBUTE11>154</ATTRIBUTE11>
    <ATTRIBUTE12/>
    <ATTRIBUTE13/>
    <ATTRIBUTE14>*</ATTRIBUTE14>
    <ATTRIBUTE15/>
    <ATTRIBUTE16/>
    <ATTRIBUTE17/>
    <ATTRIBUTE18>SO Promise Date Changed</ATTRIBUTE18>
    <ATTRIBUTE19/>
    <ATTRIBUTE20/>
  </SOL_TRANS_REC>
  <SOL_TRANS_REC>
    <LINE_TP_CODE/>
    <PO_LINE_NUMBER>4</PO_LINE_NUMBER>
    <LINE_NUMBER>4</LINE_NUMBER>
    <ORDERED_QUANTITY>1000</ORDERED_QUANTITY>
    <UNIT_OF_MEASURE>EA</UNIT_OF_MEASURE>
    <UNIT_SELLING_PRICE>15.5657</UNIT_SELLING_PRICE>
    <ORDERED_ITEM>NNTN8023C</ORDERED_ITEM>
    <ITEM_REVISION/>
    <VENDOR_PART_NUMBER/>
    <LINE_ATTRIBUTE1>YE/YP</LINE_ATTRIBUTE1>
    <LINE_ATTRIBUTE2/>
    <LINE_CHANGE_TYPE/>
    <QTY_LEFT_TO_RECEIVE/>
    <ITEM_TYPE_CODE>STANDARD</ITEM_TYPE_CODE>
    <MODEL_LINE_ID/>
    <LINK_TO_MODEL_LINE_ID/>
    <SHIP_SET_NAME>155</SHIP_SET_NAME>
    <LINE_SHIPPING_INSTRUCTIONS>5109148780172</LINE_SHIPPING_INSTRUCTIONS>
    <LINE_PACKING_INSTRUCTIONS/>
    <LINE_LONG_NOTES/>
    <SHIPMENT_LINE_NUMBER>1</SHIPMENT_LINE_NUMBER>
    <REQUEST_DATE>14-DEC-2023</REQUEST_DATE>
    <SCHEDULE_SHIP_DATE>14-JUL-2023</SCHEDULE_SHIP_DATE>
    <PROMISE_DATE>30-SEP-2023</PROMISE_DATE>
    <ITEM_DESCRIPTION>BATTERY PACK,LITHIUM ION,BATT LIION 2200T</ITEM_DESCRIPTION>
    <SHIP_TO_ID>1160529</SHIP_TO_ID>
    <SHIP_TO_ADDRESS1>NO.21-23, JALAN BATU MAUNG, DIS3PLEX FCZ</SHIP_TO_ADDRESS1>
    <SHIP_TO_ADDRESS2>AIRFREIGHT FORWARDERS WAREHOUSING CARGO COMPLEX</SHIP_TO_ADDRESS2>
    <SHIP_TO_ADDRESS3/>
    <SHIP_TO_ADDRESS4/>
    <SHIP_TO_CITY>PENANG</SHIP_TO_CITY>
    <SHIP_TO_STATE/>
    <SHIP_TO_ZIP_CODE>11960</SHIP_TO_ZIP_CODE>
    <SHIP_TO_CONTACT_NAME/>
    <SHIP_TO_CONTACT_PHONE_NO/>
    <SHIP_TO_COUNTRY>MY</SHIP_TO_COUNTRY>
    <LINE_WAREHOUSE_CODE>US7</LINE_WAREHOUSE_CODE>
    <LINE_ORDER_TYPE>EF_PEN_LINE</LINE_ORDER_TYPE>
    <LINE_FLOW_STATUS_CODE>AWAITING_SHIPPING</LINE_FLOW_STATUS_CODE>
    <LINE_SPLIT_FROM_LINE_NUMBER/>
    <LINE_ROUTING_CARRIER>000001_BWS_T_XP1</LINE_ROUTING_CARRIER>
    <CANCELLED_QUANTITY>0</CANCELLED_QUANTITY>
    <ITEM_SERIAL_CODE>N</ITEM_SERIAL_CODE>
    <SELLER_SUPPLIER_NUMBER>1096968</SELLER_SUPPLIER_NUMBER>
    <SELLER_SUPPLIER_SITE_CODE>002</SELLER_SUPPLIER_SITE_CODE>
    <SHIPMENT_PRIORITY>Yes Early / Yes Partial</SHIPMENT_PRIORITY>
    <SCAC_CODE>BWS</SCAC_CODE>
    <FREIGHT_MODE>TRUCK</FREIGHT_MODE>
    <FREIGHT_SERVICE_LEVEL>Express</FREIGHT_SERVICE_LEVEL>
    <SHIP_METHOD>BWS</SHIP_METHOD>
    <LINE_ID>83809370</LINE_ID>
    <ATO_LINE_ID/>
    <ATTRIBUTE1>1</ATTRIBUTE1>
    <ATTRIBUTE2>607</ATTRIBUTE2>
    <ATTRIBUTE3>211025</ATTRIBUTE3>
    <ATTRIBUTE4/>
    <ATTRIBUTE5>US</ATTRIBUTE5>
    <ATTRIBUTE6>0113</ATTRIBUTE6>
    <ATTRIBUTE7>RNSGVWH</ATTRIBUTE7>
    <ATTRIBUTE8>155</ATTRIBUTE8>
    <ATTRIBUTE9>12-FEB-2023</ATTRIBUTE9>
    <ATTRIBUTE10>12-FEB-2023</ATTRIBUTE10>
    <ATTRIBUTE11>155</ATTRIBUTE11>
    <ATTRIBUTE12/>
    <ATTRIBUTE13/>
    <ATTRIBUTE14>*</ATTRIBUTE14>
    <ATTRIBUTE15/>
    <ATTRIBUTE16/>
    <ATTRIBUTE17/>
    <ATTRIBUTE18>SO Promise Date Changed</ATTRIBUTE18>
    <ATTRIBUTE19/>
    <ATTRIBUTE20/>
  </SOL_TRANS_REC>
  <SOL_TRANS_REC>
    <LINE_TP_CODE/>
    <PO_LINE_NUMBER>5</PO_LINE_NUMBER>
    <LINE_NUMBER>5</LINE_NUMBER>
    <ORDERED_QUANTITY>1000</ORDERED_QUANTITY>
    <UNIT_OF_MEASURE>EA</UNIT_OF_MEASURE>
    <UNIT_SELLING_PRICE>15.5657</UNIT_SELLING_PRICE>
    <ORDERED_ITEM>NNTN8023C</ORDERED_ITEM>
    <ITEM_REVISION/>
    <VENDOR_PART_NUMBER/>
    <LINE_ATTRIBUTE1>YE/YP</LINE_ATTRIBUTE1>
    <LINE_ATTRIBUTE2/>
    <LINE_CHANGE_TYPE/>
    <QTY_LEFT_TO_RECEIVE/>
    <ITEM_TYPE_CODE>STANDARD</ITEM_TYPE_CODE>
    <MODEL_LINE_ID/>
    <LINK_TO_MODEL_LINE_ID/>
    <SHIP_SET_NAME>156</SHIP_SET_NAME>
    <LINE_SHIPPING_INSTRUCTIONS>5109148780172</LINE_SHIPPING_INSTRUCTIONS>
    <LINE_PACKING_INSTRUCTIONS/>
    <LINE_LONG_NOTES/>
    <SHIPMENT_LINE_NUMBER>1</SHIPMENT_LINE_NUMBER>
    <REQUEST_DATE>14-DEC-2023</REQUEST_DATE>
    <SCHEDULE_SHIP_DATE>14-JUL-2023</SCHEDULE_SHIP_DATE>
    <PROMISE_DATE>30-SEP-2023</PROMISE_DATE>
    <ITEM_DESCRIPTION>BATTERY PACK,LITHIUM ION,BATT LIION 2200T</ITEM_DESCRIPTION>
    <SHIP_TO_ID>1160529</SHIP_TO_ID>
    <SHIP_TO_ADDRESS1>NO.21-23, JALAN BATU MAUNG, DIS3PLEX FCZ</SHIP_TO_ADDRESS1>
    <SHIP_TO_ADDRESS2>AIRFREIGHT FORWARDERS WAREHOUSING CARGO COMPLEX</SHIP_TO_ADDRESS2>
    <SHIP_TO_ADDRESS3/>
    <SHIP_TO_ADDRESS4/>
    <SHIP_TO_CITY>PENANG</SHIP_TO_CITY>
    <SHIP_TO_STATE/>
    <SHIP_TO_ZIP_CODE>11960</SHIP_TO_ZIP_CODE>
    <SHIP_TO_CONTACT_NAME/>
    <SHIP_TO_CONTACT_PHONE_NO/>
    <SHIP_TO_COUNTRY>MY</SHIP_TO_COUNTRY>
    <LINE_WAREHOUSE_CODE>US7</LINE_WAREHOUSE_CODE>
    <LINE_ORDER_TYPE>EF_PEN_LINE</LINE_ORDER_TYPE>
    <LINE_FLOW_STATUS_CODE>AWAITING_SHIPPING</LINE_FLOW_STATUS_CODE>
    <LINE_SPLIT_FROM_LINE_NUMBER/>
    <LINE_ROUTING_CARRIER>000001_BWS_T_XP1</LINE_ROUTING_CARRIER>
    <CANCELLED_QUANTITY>0</CANCELLED_QUANTITY>
    <ITEM_SERIAL_CODE>N</ITEM_SERIAL_CODE>
    <SELLER_SUPPLIER_NUMBER>1096968</SELLER_SUPPLIER_NUMBER>
    <SELLER_SUPPLIER_SITE_CODE>002</SELLER_SUPPLIER_SITE_CODE>
    <SHIPMENT_PRIORITY>Yes Early / Yes Partial</SHIPMENT_PRIORITY>
    <SCAC_CODE>BWS</SCAC_CODE>
    <FREIGHT_MODE>TRUCK</FREIGHT_MODE>
    <FREIGHT_SERVICE_LEVEL>Express</FREIGHT_SERVICE_LEVEL>
    <SHIP_METHOD>BWS</SHIP_METHOD>
    <LINE_ID>83809371</LINE_ID>
    <ATO_LINE_ID/>
    <ATTRIBUTE1>1</ATTRIBUTE1>
    <ATTRIBUTE2>607</ATTRIBUTE2>
    <ATTRIBUTE3>211026</ATTRIBUTE3>
    <ATTRIBUTE4/>
    <ATTRIBUTE5>US</ATTRIBUTE5>
    <ATTRIBUTE6>0114</ATTRIBUTE6>
    <ATTRIBUTE7>RNSGVWH</ATTRIBUTE7>
    <ATTRIBUTE8>156</ATTRIBUTE8>
    <ATTRIBUTE9>12-FEB-2023</ATTRIBUTE9>
    <ATTRIBUTE10>12-FEB-2023</ATTRIBUTE10>
    <ATTRIBUTE11>156</ATTRIBUTE11>
    <ATTRIBUTE12/>
    <ATTRIBUTE13/>
    <ATTRIBUTE14>*</ATTRIBUTE14>
    <ATTRIBUTE15/>
    <ATTRIBUTE16/>
    <ATTRIBUTE17/>
    <ATTRIBUTE18>SO Promise Date Changed</ATTRIBUTE18>
    <ATTRIBUTE19/>
    <ATTRIBUTE20/>
  </SOL_TRANS_REC>
</GO_TRANSACTIONS>
    <LINE_TP_CODE/>
    <PO_LINE_NUMBER>6</PO_LINE_NUMBER>
    <LINE_NUMBER>6</LINE_NUMBER>
    <ORDERED_QUANTITY>1000</ORDERED_QUANTITY>
    <UNIT_OF_MEASURE>EA</UNIT_OF_MEASURE>
    <UNIT_SELLING_PRICE>17.6845</UNIT_SELLING_PRICE>
    <ORDERED_ITEM>PMNN4544ANPA</ORDERED_ITEM>
    <ITEM_REVISION/>
    <VENDOR_PART_NUMBER/>
    <LINE_ATTRIBUTE1>NE/YP</LINE_ATTRIBUTE1>
    <LINE_ATTRIBUTE2/>
    <LINE_CHANGE_TYPE/>
    <QTY_LEFT_TO_RECEIVE/>
    <ITEM_TYPE_CODE>STANDARD</ITEM_TYPE_CODE>
    <MODEL_LINE_ID/>
    <LINK_TO_MODEL_LINE_ID/>
    <SHIP_SET_NAME>12</SHIP_SET_NAME>
    <LINE_SHIPPING_INSTRUCTIONS>5103157080112</LINE_SHIPPING_INSTRUCTIONS>
    <LINE_PACKING_INSTRUCTIONS/>
    <LINE_LONG_NOTES/>
    <SHIPMENT_LINE_NUMBER>1</SHIPMENT_LINE_NUMBER>
    <REQUEST_DATE>14-DEC-2023</REQUEST_DATE>
    <SCHEDULE_SHIP_DATE>05-JAN-2024</SCHEDULE_SHIP_DATE>
    <PROMISE_DATE>05-JAN-2024</PROMISE_DATE>
    <ITEM_DESCRIPTION>BATTERY PACK,BATT IMPRES LIION IP68 2450T (TAIWAN)</ITEM_DESCRIPTION>
    <SHIP_TO_ID>995404</SHIP_TO_ID>
    <SHIP_TO_ADDRESS1>NO.21-23, JALAN BATU MAUNG, DIS3PLEX FCZ</SHIP_TO_ADDRESS1>
    <SHIP_TO_ADDRESS2>AIRFREIGHT FORWARDERS WAREHOUSING CARGO COMPLEX</SHIP_TO_ADDRESS2>
    <SHIP_TO_ADDRESS3>ZONE, AIRFREIGHT FORWARDERS WAREHOUSING CARGO</SHIP_TO_ADDRESS3>
    <SHIP_TO_ADDRESS4/>
    <SHIP_TO_CITY>PENANG</SHIP_TO_CITY>
    <SHIP_TO_STATE/>
    <SHIP_TO_ZIP_CODE>11960</SHIP_TO_ZIP_CODE>
    <SHIP_TO_CONTACT_NAME/>
    <SHIP_TO_CONTACT_PHONE_NO/>
    <SHIP_TO_COUNTRY>MY</SHIP_TO_COUNTRY>
    <LINE_WAREHOUSE_CODE>US7</LINE_WAREHOUSE_CODE>
    <LINE_ORDER_TYPE>EF_PEN_LINE</LINE_ORDER_TYPE>
    <LINE_FLOW_STATUS_CODE>AWAITING_SHIPPING</LINE_FLOW_STATUS_CODE>
    <LINE_SPLIT_FROM_LINE_NUMBER/>
    <LINE_ROUTING_CARRIER>000001_BWS_T_XP1</LINE_ROUTING_CARRIER>
    <CANCELLED_QUANTITY>0</CANCELLED_QUANTITY>
    <ITEM_SERIAL_CODE>N</ITEM_SERIAL_CODE>
    <SELLER_SUPPLIER_NUMBER>1096968</SELLER_SUPPLIER_NUMBER>
    <SELLER_SUPPLIER_SITE_CODE>002</SELLER_SUPPLIER_SITE_CODE>
    <SHIPMENT_PRIORITY>No Early / Yes Partial</SHIPMENT_PRIORITY>
    <SCAC_CODE>BWS</SCAC_CODE>
    <FREIGHT_MODE>TRUCK</FREIGHT_MODE>
    <FREIGHT_SERVICE_LEVEL>Express</FREIGHT_SERVICE_LEVEL>
    <SHIP_METHOD>BWS</SHIP_METHOD>
    <LINE_ID>92495956</LINE_ID>
    <ATO_LINE_ID/>
    <ATTRIBUTE1>1</ATTRIBUTE1>
    <ATTRIBUTE2>453</ATTRIBUTE2>
    <ATTRIBUTE3>217698</ATTRIBUTE3>
    <ATTRIBUTE4/>
    <ATTRIBUTE5>US</ATTRIBUTE5>
    <ATTRIBUTE6>0012</ATTRIBUTE6>
    <ATTRIBUTE7>RNSGVWH</ATTRIBUTE7>
    <ATTRIBUTE8>12</ATTRIBUTE8>
    <ATTRIBUTE9>28-AUG-2023</ATTRIBUTE9>
    <ATTRIBUTE10>28-AUG-2023</ATTRIBUTE10>
    <ATTRIBUTE11>012</ATTRIBUTE11>
    <ATTRIBUTE12/>
    <ATTRIBUTE13/>
    <ATTRIBUTE14>*</ATTRIBUTE14>
    <ATTRIBUTE15/>
    <ATTRIBUTE16/>
    <ATTRIBUTE17/>
    <ATTRIBUTE18/>
    <ATTRIBUTE19/>
    <ATTRIBUTE20/>
  </SOL_TRANS_REC>
  <SOL_TRANS_REC>
    <LINE_TP_CODE/>
    <PO_LINE_NUMBER>8</PO_LINE_NUMBER>
    <LINE_NUMBER>7</LINE_NUMBER>
    <ORDERED_QUANTITY>1000</ORDERED_QUANTITY>
    <UNIT_OF_MEASURE>EA</UNIT_OF_MEASURE>
    <UNIT_SELLING_PRICE>17.6845</UNIT_SELLING_PRICE>
    <ORDERED_ITEM>PMNN4544ANPA</ORDERED_ITEM>
    <ITEM_REVISION/>
    <VENDOR_PART_NUMBER/>
    <LINE_ATTRIBUTE1>NE/YP</LINE_ATTRIBUTE1>
    <LINE_ATTRIBUTE2/>
    <LINE_CHANGE_TYPE/>
    <QTY_LEFT_TO_RECEIVE/>
    <ITEM_TYPE_CODE>STANDARD</ITEM_TYPE_CODE>
    <MODEL_LINE_ID/>
    <LINK_TO_MODEL_LINE_ID/>
    <SHIP_SET_NAME>13</SHIP_SET_NAME>
    <LINE_SHIPPING_INSTRUCTIONS>5103157080112</LINE_SHIPPING_INSTRUCTIONS>
    <LINE_PACKING_INSTRUCTIONS/>
    <LINE_LONG_NOTES/>
    <SHIPMENT_LINE_NUMBER>1</SHIPMENT_LINE_NUMBER>
    <REQUEST_DATE>14-DEC-2023</REQUEST_DATE>
    <SCHEDULE_SHIP_DATE>05-JAN-2024</SCHEDULE_SHIP_DATE>
    <PROMISE_DATE>05-JAN-2024</PROMISE_DATE>
    <ITEM_DESCRIPTION>BATTERY PACK,BATT IMPRES LIION IP68 2450T (TAIWAN)</ITEM_DESCRIPTION>
    <SHIP_TO_ID>995404</SHIP_TO_ID>
    <SHIP_TO_ADDRESS1>NO.21-23, JALAN BATU MAUNG, DIS3PLEX FCZ</SHIP_TO_ADDRESS1>
    <SHIP_TO_ADDRESS2>AIRFREIGHT FORWARDERS WAREHOUSING CARGO COMPLEX</SHIP_TO_ADDRESS2>
    <SHIP_TO_ADDRESS3>ZONE, AIRFREIGHT FORWARDERS WAREHOUSING CARGO</SHIP_TO_ADDRESS3>
    <SHIP_TO_ADDRESS4/>
    <SHIP_TO_CITY>PENANG</SHIP_TO_CITY>
    <SHIP_TO_STATE/>
    <SHIP_TO_ZIP_CODE>11960</SHIP_TO_ZIP_CODE>
    <SHIP_TO_CONTACT_NAME/>
    <SHIP_TO_CONTACT_PHONE_NO/>
    <SHIP_TO_COUNTRY>MY</SHIP_TO_COUNTRY>
    <LINE_WAREHOUSE_CODE>US7</LINE_WAREHOUSE_CODE>
    <LINE_ORDER_TYPE>EF_PEN_LINE</LINE_ORDER_TYPE>
    <LINE_FLOW_STATUS_CODE>AWAITING_SHIPPING</LINE_FLOW_STATUS_CODE>
    <LINE_SPLIT_FROM_LINE_NUMBER/>
    <LINE_ROUTING_CARRIER>000001_BWS_T_XP1</LINE_ROUTING_CARRIER>
    <CANCELLED_QUANTITY>0</CANCELLED_QUANTITY>
    <ITEM_SERIAL_CODE>N</ITEM_SERIAL_CODE>
    <SELLER_SUPPLIER_NUMBER>1096968</SELLER_SUPPLIER_NUMBER>
    <SELLER_SUPPLIER_SITE_CODE>002</SELLER_SUPPLIER_SITE_CODE>
    <SHIPMENT_PRIORITY>No Early / Yes Partial</SHIPMENT_PRIORITY>
    <SCAC_CODE>BWS</SCAC_CODE>
    <FREIGHT_MODE>TRUCK</FREIGHT_MODE>
    <FREIGHT_SERVICE_LEVEL>Express</FREIGHT_SERVICE_LEVEL>
    <SHIP_METHOD>BWS</SHIP_METHOD>
    <LINE_ID>92495957</LINE_ID>
    <ATO_LINE_ID/>
    <ATTRIBUTE1>1</ATTRIBUTE1>
    <ATTRIBUTE2>453</ATTRIBUTE2>
    <ATTRIBUTE3>217699</ATTRIBUTE3>
    <ATTRIBUTE4/>
    <ATTRIBUTE5>US</ATTRIBUTE5>
    <ATTRIBUTE6>0013</ATTRIBUTE6>
    <ATTRIBUTE7>RNSGVWH</ATTRIBUTE7>
    <ATTRIBUTE8>13</ATTRIBUTE8>
    <ATTRIBUTE9>28-AUG-2023</ATTRIBUTE9>
    <ATTRIBUTE10>28-AUG-2023</ATTRIBUTE10>
    <ATTRIBUTE11>013</ATTRIBUTE11>
    <ATTRIBUTE12/>
    <ATTRIBUTE13/>
    <ATTRIBUTE14>*</ATTRIBUTE14>
    <ATTRIBUTE15/>
    <ATTRIBUTE16/>
    <ATTRIBUTE17/>
    <ATTRIBUTE18/>
    <ATTRIBUTE19/>
    <ATTRIBUTE20/>
  </SOL_TRANS_REC>
  <SOL_TRANS_REC>
    <LINE_TP_CODE/>
    <PO_LINE_NUMBER>10</PO_LINE_NUMBER>
    <LINE_NUMBER>8</LINE_NUMBER>
    <ORDERED_QUANTITY>1000</ORDERED_QUANTITY>
    <UNIT_OF_MEASURE>EA</UNIT_OF_MEASURE>
    <UNIT_SELLING_PRICE>17.6845</UNIT_SELLING_PRICE>
    <ORDERED_ITEM>PMNN4544ANPA</ORDERED_ITEM>
    <ITEM_REVISION/>
    <VENDOR_PART_NUMBER/>
    <LINE_ATTRIBUTE1>NE/YP</LINE_ATTRIBUTE1>
    <LINE_ATTRIBUTE2/>
    <LINE_CHANGE_TYPE/>
    <QTY_LEFT_TO_RECEIVE/>
    <ITEM_TYPE_CODE>STANDARD</ITEM_TYPE_CODE>
    <MODEL_LINE_ID/>
    <LINK_TO_MODEL_LINE_ID/>
    <SHIP_SET_NAME>14</SHIP_SET_NAME>
    <LINE_SHIPPING_INSTRUCTIONS>5103157080112</LINE_SHIPPING_INSTRUCTIONS>
    <LINE_PACKING_INSTRUCTIONS/>
    <LINE_LONG_NOTES/>
    <SHIPMENT_LINE_NUMBER>1</SHIPMENT_LINE_NUMBER>
    <REQUEST_DATE>14-DEC-2023</REQUEST_DATE>
    <SCHEDULE_SHIP_DATE>05-JAN-2024</SCHEDULE_SHIP_DATE>
    <PROMISE_DATE>05-JAN-2024</PROMISE_DATE>
    <ITEM_DESCRIPTION>BATTERY PACK,BATT IMPRES LIION IP68 2450T (TAIWAN)</ITEM_DESCRIPTION>
    <SHIP_TO_ID>995404</SHIP_TO_ID>
    <SHIP_TO_ADDRESS1>NO.21-23, JALAN BATU MAUNG, DIS3PLEX FCZ</SHIP_TO_ADDRESS1>
    <SHIP_TO_ADDRESS2>AIRFREIGHT FORWARDERS WAREHOUSING CARGO COMPLEX</SHIP_TO_ADDRESS2>
    <SHIP_TO_ADDRESS3>ZONE, AIRFREIGHT FORWARDERS WAREHOUSING CARGO</SHIP_TO_ADDRESS3>
    <SHIP_TO_ADDRESS4/>
    <SHIP_TO_CITY>PENANG</SHIP_TO_CITY>
    <SHIP_TO_STATE/>
    <SHIP_TO_ZIP_CODE>11960</SHIP_TO_ZIP_CODE>
    <SHIP_TO_CONTACT_NAME/>
    <SHIP_TO_CONTACT_PHONE_NO/>
    <SHIP_TO_COUNTRY>MY</SHIP_TO_COUNTRY>
    <LINE_WAREHOUSE_CODE>US7</LINE_WAREHOUSE_CODE>
    <LINE_ORDER_TYPE>EF_PEN_LINE</LINE_ORDER_TYPE>
    <LINE_FLOW_STATUS_CODE>AWAITING_SHIPPING</LINE_FLOW_STATUS_CODE>
    <LINE_SPLIT_FROM_LINE_NUMBER/>
    <LINE_ROUTING_CARRIER>000001_BWS_T_XP1</LINE_ROUTING_CARRIER>
    <CANCELLED_QUANTITY>0</CANCELLED_QUANTITY>
    <ITEM_SERIAL_CODE>N</ITEM_SERIAL_CODE>
    <SELLER_SUPPLIER_NUMBER>1096968</SELLER_SUPPLIER_NUMBER>
    <SELLER_SUPPLIER_SITE_CODE>002</SELLER_SUPPLIER_SITE_CODE>
    <SHIPMENT_PRIORITY>No Early / Yes Partial</SHIPMENT_PRIORITY>
    <SCAC_CODE>BWS</SCAC_CODE>
    <FREIGHT_MODE>TRUCK</FREIGHT_MODE>
    <FREIGHT_SERVICE_LEVEL>Express</FREIGHT_SERVICE_LEVEL>
    <SHIP_METHOD>BWS</SHIP_METHOD>
    <LINE_ID>92486204</LINE_ID>
    <ATO_LINE_ID/>
    <ATTRIBUTE1>1</ATTRIBUTE1>
    <ATTRIBUTE2>453</ATTRIBUTE2>
    <ATTRIBUTE3>217700</ATTRIBUTE3>
    <ATTRIBUTE4/>
    <ATTRIBUTE5>US</ATTRIBUTE5>
    <ATTRIBUTE6>0014</ATTRIBUTE6>
    <ATTRIBUTE7>RNSGVWH</ATTRIBUTE7>
    <ATTRIBUTE8>14</ATTRIBUTE8>
    <ATTRIBUTE9>28-AUG-2023</ATTRIBUTE9>
    <ATTRIBUTE10>28-AUG-2023</ATTRIBUTE10>
    <ATTRIBUTE11>014</ATTRIBUTE11>
    <ATTRIBUTE12/>
    <ATTRIBUTE13/>
    <ATTRIBUTE14>*</ATTRIBUTE14>
    <ATTRIBUTE15/>
    <ATTRIBUTE16/>
    <ATTRIBUTE17/>
    <ATTRIBUTE18/>
    <ATTRIBUTE19/>
    <ATTRIBUTE20/>
  </SOL_TRANS_REC>
  <SOL_TRANS_REC>
    <LINE_TP_CODE/>
    <PO_LINE_NUMBER>12</PO_LINE_NUMBER>
    <LINE_NUMBER>9</LINE_NUMBER>
    <ORDERED_QUANTITY>1000</ORDERED_QUANTITY>
    <UNIT_OF_MEASURE>EA</UNIT_OF_MEASURE>
    <UNIT_SELLING_PRICE>17.6845</UNIT_SELLING_PRICE>
    <ORDERED_ITEM>PMNN4544ANPA</ORDERED_ITEM>
    <ITEM_REVISION/>
    <VENDOR_PART_NUMBER/>
    <LINE_ATTRIBUTE1>NE/YP</LINE_ATTRIBUTE1>
    <LINE_ATTRIBUTE2/>
    <LINE_CHANGE_TYPE/>
    <QTY_LEFT_TO_RECEIVE/>
    <ITEM_TYPE_CODE>STANDARD</ITEM_TYPE_CODE>
    <MODEL_LINE_ID/>
    <LINK_TO_MODEL_LINE_ID/>
    <SHIP_SET_NAME>15</SHIP_SET_NAME>
    <LINE_SHIPPING_INSTRUCTIONS>5103157080112</LINE_SHIPPING_INSTRUCTIONS>
    <LINE_PACKING_INSTRUCTIONS/>
    <LINE_LONG_NOTES/>
    <SHIPMENT_LINE_NUMBER>1</SHIPMENT_LINE_NUMBER>
    <REQUEST_DATE>14-DEC-2023</REQUEST_DATE>
    <SCHEDULE_SHIP_DATE>05-JAN-2024</SCHEDULE_SHIP_DATE>
    <PROMISE_DATE>05-JAN-2024</PROMISE_DATE>
    <ITEM_DESCRIPTION>BATTERY PACK,BATT IMPRES LIION IP68 2450T (TAIWAN)</ITEM_DESCRIPTION>
    <SHIP_TO_ID>995404</SHIP_TO_ID>
    <SHIP_TO_ADDRESS1>NO.21-23, JALAN BATU MAUNG, DIS3PLEX FCZ</SHIP_TO_ADDRESS1>
    <SHIP_TO_ADDRESS2>AIRFREIGHT FORWARDERS WAREHOUSING CARGO COMPLEX</SHIP_TO_ADDRESS2>
    <SHIP_TO_ADDRESS3>ZONE, AIRFREIGHT FORWARDERS WAREHOUSING CARGO</SHIP_TO_ADDRESS3>
    <SHIP_TO_ADDRESS4/>
    <SHIP_TO_CITY>PENANG</SHIP_TO_CITY>
    <SHIP_TO_STATE/>
    <SHIP_TO_ZIP_CODE>11960</SHIP_TO_ZIP_CODE>
    <SHIP_TO_CONTACT_NAME/>
    <SHIP_TO_CONTACT_PHONE_NO/>
    <SHIP_TO_COUNTRY>MY</SHIP_TO_COUNTRY>
    <LINE_WAREHOUSE_CODE>US7</LINE_WAREHOUSE_CODE>
    <LINE_ORDER_TYPE>EF_PEN_LINE</LINE_ORDER_TYPE>
    <LINE_FLOW_STATUS_CODE>AWAITING_SHIPPING</LINE_FLOW_STATUS_CODE>
    <LINE_SPLIT_FROM_LINE_NUMBER/>
    <LINE_ROUTING_CARRIER>000001_BWS_T_XP1</LINE_ROUTING_CARRIER>
    <CANCELLED_QUANTITY>0</CANCELLED_QUANTITY>
    <ITEM_SERIAL_CODE>N</ITEM_SERIAL_CODE>
    <SELLER_SUPPLIER_NUMBER>1096968</SELLER_SUPPLIER_NUMBER>
    <SELLER_SUPPLIER_SITE_CODE>002</SELLER_SUPPLIER_SITE_CODE>
    <SHIPMENT_PRIORITY>No Early / Yes Partial</SHIPMENT_PRIORITY>
    <SCAC_CODE>BWS</SCAC_CODE>
    <FREIGHT_MODE>TRUCK</FREIGHT_MODE>
    <FREIGHT_SERVICE_LEVEL>Express</FREIGHT_SERVICE_LEVEL>
    <SHIP_METHOD>BWS</SHIP_METHOD>
    <LINE_ID>92495958</LINE_ID>
    <ATO_LINE_ID/>
    <ATTRIBUTE1>1</ATTRIBUTE1>
    <ATTRIBUTE2>453</ATTRIBUTE2>
    <ATTRIBUTE3>217701</ATTRIBUTE3>
    <ATTRIBUTE4/>
    <ATTRIBUTE5>US</ATTRIBUTE5>
    <ATTRIBUTE6>0015</ATTRIBUTE6>
    <ATTRIBUTE7>RNSGVWH</ATTRIBUTE7>
    <ATTRIBUTE8>15</ATTRIBUTE8>
    <ATTRIBUTE9>28-AUG-2023</ATTRIBUTE9>
    <ATTRIBUTE10>28-AUG-2023</ATTRIBUTE10>
    <ATTRIBUTE11>015</ATTRIBUTE11>
    <ATTRIBUTE12/>
    <ATTRIBUTE13/>
    <ATTRIBUTE14>*</ATTRIBUTE14>
    <ATTRIBUTE15/>
    <ATTRIBUTE16/>
    <ATTRIBUTE17/>
    <ATTRIBUTE18/>
    <ATTRIBUTE19/>
    <ATTRIBUTE20/>
  </SOL_TRANS_REC>
  <SOL_TRANS_REC>
    <LINE_TP_CODE/>
    <PO_LINE_NUMBER>7</PO_LINE_NUMBER>
    <LINE_NUMBER>10</LINE_NUMBER>
    <ORDERED_QUANTITY>1000</ORDERED_QUANTITY>
    <UNIT_OF_MEASURE>EA</UNIT_OF_MEASURE>
    <UNIT_SELLING_PRICE>17.6845</UNIT_SELLING_PRICE>
    <ORDERED_ITEM>PMNN4544ANPA</ORDERED_ITEM>
    <ITEM_REVISION/>
    <VENDOR_PART_NUMBER/>
    <LINE_ATTRIBUTE1>NE/YP</LINE_ATTRIBUTE1>
    <LINE_ATTRIBUTE2/>
    <LINE_CHANGE_TYPE/>
    <QTY_LEFT_TO_RECEIVE/>
    <ITEM_TYPE_CODE>STANDARD</ITEM_TYPE_CODE>
    <MODEL_LINE_ID/>
    <LINK_TO_MODEL_LINE_ID/>
    <SHIP_SET_NAME>16</SHIP_SET_NAME>
    <LINE_SHIPPING_INSTRUCTIONS>5103157080112</LINE_SHIPPING_INSTRUCTIONS>
    <LINE_PACKING_INSTRUCTIONS/>
    <LINE_LONG_NOTES/>
    <SHIPMENT_LINE_NUMBER>1</SHIPMENT_LINE_NUMBER>
    <REQUEST_DATE>14-DEC-2023</REQUEST_DATE>
    <SCHEDULE_SHIP_DATE>05-JAN-2024</SCHEDULE_SHIP_DATE>
    <PROMISE_DATE>05-JAN-2024</PROMISE_DATE>
    <ITEM_DESCRIPTION>BATTERY PACK,BATT IMPRES LIION IP68 2450T (TAIWAN)</ITEM_DESCRIPTION>
    <SHIP_TO_ID>995404</SHIP_TO_ID>
    <SHIP_TO_ADDRESS1>NO.21-23, JALAN BATU MAUNG, DIS3PLEX FCZ</SHIP_TO_ADDRESS1>
    <SHIP_TO_ADDRESS2>AIRFREIGHT FORWARDERS WAREHOUSING CARGO COMPLEX</SHIP_TO_ADDRESS2>
    <SHIP_TO_ADDRESS3>ZONE, AIRFREIGHT FORWARDERS WAREHOUSING CARGO</SHIP_TO_ADDRESS3>
    <SHIP_TO_ADDRESS4/>
    <SHIP_TO_CITY>PENANG</SHIP_TO_CITY>
    <SHIP_TO_STATE/>
    <SHIP_TO_ZIP_CODE>11960</SHIP_TO_ZIP_CODE>
    <SHIP_TO_CONTACT_NAME/>
    <SHIP_TO_CONTACT_PHONE_NO/>
    <SHIP_TO_COUNTRY>MY</SHIP_TO_COUNTRY>
    <LINE_WAREHOUSE_CODE>US7</LINE_WAREHOUSE_CODE>
    <LINE_ORDER_TYPE>EF_PEN_LINE</LINE_ORDER_TYPE>
    <LINE_FLOW_STATUS_CODE>AWAITING_SHIPPING</LINE_FLOW_STATUS_CODE>
    <LINE_SPLIT_FROM_LINE_NUMBER/>
    <LINE_ROUTING_CARRIER>000001_BWS_T_XP1</LINE_ROUTING_CARRIER>
    <CANCELLED_QUANTITY>0</CANCELLED_QUANTITY>
    <ITEM_SERIAL_CODE>N</ITEM_SERIAL_CODE>
    <SELLER_SUPPLIER_NUMBER>1096968</SELLER_SUPPLIER_NUMBER>
    <SELLER_SUPPLIER_SITE_CODE>002</SELLER_SUPPLIER_SITE_CODE>
    <SHIPMENT_PRIORITY>No Early / Yes Partial</SHIPMENT_PRIORITY>
    <SCAC_CODE>BWS</SCAC_CODE>
    <FREIGHT_MODE>TRUCK</FREIGHT_MODE>
    <FREIGHT_SERVICE_LEVEL>Express</FREIGHT_SERVICE_LEVEL>
    <SHIP_METHOD>BWS</SHIP_METHOD>
    <LINE_ID>92495959</LINE_ID>
    <ATO_LINE_ID/>
    <ATTRIBUTE1>1</ATTRIBUTE1>
    <ATTRIBUTE2>453</ATTRIBUTE2>
    <ATTRIBUTE3>217702</ATTRIBUTE3>
    <ATTRIBUTE4/>
    <ATTRIBUTE5>US</ATTRIBUTE5>
    <ATTRIBUTE6>0016</ATTRIBUTE6>
    <ATTRIBUTE7>RNSGVWH</ATTRIBUTE7>
    <ATTRIBUTE8>16</ATTRIBUTE8>
    <ATTRIBUTE9>28-AUG-2023</ATTRIBUTE9>
    <ATTRIBUTE10>28-AUG-2023</ATTRIBUTE10>
    <ATTRIBUTE11>016</ATTRIBUTE11>
    <ATTRIBUTE12/>
    <ATTRIBUTE13/>
    <ATTRIBUTE14>*</ATTRIBUTE14>
    <ATTRIBUTE15/>
    <ATTRIBUTE16/>
    <ATTRIBUTE17/>
    <ATTRIBUTE18/>
    <ATTRIBUTE19/>
    <ATTRIBUTE20/>
  </SOL_TRANS_REC>
  <SOL_TRANS_REC>
    <LINE_TP_CODE/>
    <PO_LINE_NUMBER>9</PO_LINE_NUMBER>
    <LINE_NUMBER>11</LINE_NUMBER>
    <ORDERED_QUANTITY>1000</ORDERED_QUANTITY>
    <UNIT_OF_MEASURE>EA</UNIT_OF_MEASURE>
    <UNIT_SELLING_PRICE>17.6845</UNIT_SELLING_PRICE>
    <ORDERED_ITEM>PMNN4544ANPA</ORDERED_ITEM>
    <ITEM_REVISION/>
    <VENDOR_PART_NUMBER/>
    <LINE_ATTRIBUTE1>NE/YP</LINE_ATTRIBUTE1>
    <LINE_ATTRIBUTE2/>
    <LINE_CHANGE_TYPE/>
    <QTY_LEFT_TO_RECEIVE/>
    <ITEM_TYPE_CODE>STANDARD</ITEM_TYPE_CODE>
    <MODEL_LINE_ID/>
    <LINK_TO_MODEL_LINE_ID/>
    <SHIP_SET_NAME>17</SHIP_SET_NAME>
    <LINE_SHIPPING_INSTRUCTIONS>5103157080112</LINE_SHIPPING_INSTRUCTIONS>
    <LINE_PACKING_INSTRUCTIONS/>
    <LINE_LONG_NOTES/>
    <SHIPMENT_LINE_NUMBER>1</SHIPMENT_LINE_NUMBER>
    <REQUEST_DATE>14-DEC-2023</REQUEST_DATE>
    <SCHEDULE_SHIP_DATE>05-JAN-2024</SCHEDULE_SHIP_DATE>
    <PROMISE_DATE>05-JAN-2024</PROMISE_DATE>
    <ITEM_DESCRIPTION>BATTERY PACK,BATT IMPRES LIION IP68 2450T (TAIWAN)</ITEM_DESCRIPTION>
    <SHIP_TO_ID>995404</SHIP_TO_ID>
    <SHIP_TO_ADDRESS1>NO.21-23, JALAN BATU MAUNG, DIS3PLEX FCZ</SHIP_TO_ADDRESS1>
    <SHIP_TO_ADDRESS2>AIRFREIGHT FORWARDERS WAREHOUSING CARGO COMPLEX</SHIP_TO_ADDRESS2>
    <SHIP_TO_ADDRESS3>ZONE, AIRFREIGHT FORWARDERS WAREHOUSING CARGO</SHIP_TO_ADDRESS3>
    <SHIP_TO_ADDRESS4/>
    <SHIP_TO_CITY>PENANG</SHIP_TO_CITY>
    <SHIP_TO_STATE/>
    <SHIP_TO_ZIP_CODE>11960</SHIP_TO_ZIP_CODE>
    <SHIP_TO_CONTACT_NAME/>
    <SHIP_TO_CONTACT_PHONE_NO/>
    <SHIP_TO_COUNTRY>MY</SHIP_TO_COUNTRY>
    <LINE_WAREHOUSE_CODE>US7</LINE_WAREHOUSE_CODE>
    <LINE_ORDER_TYPE>EF_PEN_LINE</LINE_ORDER_TYPE>
    <LINE_FLOW_STATUS_CODE>AWAITING_SHIPPING</LINE_FLOW_STATUS_CODE>
    <LINE_SPLIT_FROM_LINE_NUMBER/>
    <LINE_ROUTING_CARRIER>000001_BWS_T_XP1</LINE_ROUTING_CARRIER>
    <CANCELLED_QUANTITY>0</CANCELLED_QUANTITY>
    <ITEM_SERIAL_CODE>N</ITEM_SERIAL_CODE>
    <SELLER_SUPPLIER_NUMBER>1096968</SELLER_SUPPLIER_NUMBER>
    <SELLER_SUPPLIER_SITE_CODE>002</SELLER_SUPPLIER_SITE_CODE>
    <SHIPMENT_PRIORITY>No Early / Yes Partial</SHIPMENT_PRIORITY>
    <SCAC_CODE>BWS</SCAC_CODE>
    <FREIGHT_MODE>TRUCK</FREIGHT_MODE>
    <FREIGHT_SERVICE_LEVEL>Express</FREIGHT_SERVICE_LEVEL>
    <SHIP_METHOD>BWS</SHIP_METHOD>
    <LINE_ID>92495960</LINE_ID>
    <ATO_LINE_ID/>
    <ATTRIBUTE1>1</ATTRIBUTE1>
    <ATTRIBUTE2>453</ATTRIBUTE2>
    <ATTRIBUTE3>217703</ATTRIBUTE3>
    <ATTRIBUTE4/>
    <ATTRIBUTE5>US</ATTRIBUTE5>
    <ATTRIBUTE6>0017</ATTRIBUTE6>
    <ATTRIBUTE7>RNSGVWH</ATTRIBUTE7>
    <ATTRIBUTE8>17</ATTRIBUTE8>
    <ATTRIBUTE9>28-AUG-2023</ATTRIBUTE9>
    <ATTRIBUTE10>28-AUG-2023</ATTRIBUTE10>
    <ATTRIBUTE11>017</ATTRIBUTE11>
    <ATTRIBUTE12/>
    <ATTRIBUTE13/>
    <ATTRIBUTE14>*</ATTRIBUTE14>
    <ATTRIBUTE15/>
    <ATTRIBUTE16/>
    <ATTRIBUTE17/>
    <ATTRIBUTE18/>
    <ATTRIBUTE19/>
    <ATTRIBUTE20/>
  </SOL_TRANS_REC>
  <SOL_TRANS_REC>
    <LINE_TP_CODE/>
    <PO_LINE_NUMBER>11</PO_LINE_NUMBER>
    <LINE_NUMBER>12</LINE_NUMBER>
    <ORDERED_QUANTITY>1000</ORDERED_QUANTITY>
    <UNIT_OF_MEASURE>EA</UNIT_OF_MEASURE>
    <UNIT_SELLING_PRICE>17.6845</UNIT_SELLING_PRICE>
    <ORDERED_ITEM>PMNN4544ANPA</ORDERED_ITEM>
    <ITEM_REVISION/>
    <VENDOR_PART_NUMBER/>
    <LINE_ATTRIBUTE1>NE/YP</LINE_ATTRIBUTE1>
    <LINE_ATTRIBUTE2/>
    <LINE_CHANGE_TYPE/>
    <QTY_LEFT_TO_RECEIVE/>
    <ITEM_TYPE_CODE>STANDARD</ITEM_TYPE_CODE>
    <MODEL_LINE_ID/>
    <LINK_TO_MODEL_LINE_ID/>
    <SHIP_SET_NAME>18</SHIP_SET_NAME>
    <LINE_SHIPPING_INSTRUCTIONS>5103157080112</LINE_SHIPPING_INSTRUCTIONS>
    <LINE_PACKING_INSTRUCTIONS/>
    <LINE_LONG_NOTES/>
    <SHIPMENT_LINE_NUMBER>1</SHIPMENT_LINE_NUMBER>
    <REQUEST_DATE>14-DEC-2023</REQUEST_DATE>
    <SCHEDULE_SHIP_DATE>05-JAN-2024</SCHEDULE_SHIP_DATE>
    <PROMISE_DATE>05-JAN-2024</PROMISE_DATE>
    <ITEM_DESCRIPTION>BATTERY PACK,BATT IMPRES LIION IP68 2450T (TAIWAN)</ITEM_DESCRIPTION>
    <SHIP_TO_ID>995404</SHIP_TO_ID>
    <SHIP_TO_ADDRESS1>NO.21-23, JALAN BATU MAUNG, DIS3PLEX FCZ</SHIP_TO_ADDRESS1>
    <SHIP_TO_ADDRESS2>AIRFREIGHT FORWARDERS WAREHOUSING CARGO COMPLEX</SHIP_TO_ADDRESS2>
    <SHIP_TO_ADDRESS3>ZONE, AIRFREIGHT FORWARDERS WAREHOUSING CARGO</SHIP_TO_ADDRESS3>
    <SHIP_TO_ADDRESS4/>
    <SHIP_TO_CITY>PENANG</SHIP_TO_CITY>
    <SHIP_TO_STATE/>
    <SHIP_TO_ZIP_CODE>11960</SHIP_TO_ZIP_CODE>
    <SHIP_TO_CONTACT_NAME/>
    <SHIP_TO_CONTACT_PHONE_NO/>
    <SHIP_TO_COUNTRY>MY</SHIP_TO_COUNTRY>
    <LINE_WAREHOUSE_CODE>US7</LINE_WAREHOUSE_CODE>
    <LINE_ORDER_TYPE>EF_PEN_LINE</LINE_ORDER_TYPE>
    <LINE_FLOW_STATUS_CODE>AWAITING_SHIPPING</LINE_FLOW_STATUS_CODE>
    <LINE_SPLIT_FROM_LINE_NUMBER/>
    <LINE_ROUTING_CARRIER>000001_BWS_T_XP1</LINE_ROUTING_CARRIER>
    <CANCELLED_QUANTITY>0</CANCELLED_QUANTITY>
    <ITEM_SERIAL_CODE>N</ITEM_SERIAL_CODE>
    <SELLER_SUPPLIER_NUMBER>1096968</SELLER_SUPPLIER_NUMBER>
    <SELLER_SUPPLIER_SITE_CODE>002</SELLER_SUPPLIER_SITE_CODE>
    <SHIPMENT_PRIORITY>No Early / Yes Partial</SHIPMENT_PRIORITY>
    <SCAC_CODE>BWS</SCAC_CODE>
    <FREIGHT_MODE>TRUCK</FREIGHT_MODE>
    <FREIGHT_SERVICE_LEVEL>Express</FREIGHT_SERVICE_LEVEL>
    <SHIP_METHOD>BWS</SHIP_METHOD>
    <LINE_ID>92495961</LINE_ID>
    <ATO_LINE_ID/>
    <ATTRIBUTE1>1</ATTRIBUTE1>
    <ATTRIBUTE2>453</ATTRIBUTE2>
    <ATTRIBUTE3>217704</ATTRIBUTE3>
    <ATTRIBUTE4/>
    <ATTRIBUTE5>US</ATTRIBUTE5>
    <ATTRIBUTE6>0018</ATTRIBUTE6>
    <ATTRIBUTE7>RNSGVWH</ATTRIBUTE7>
    <ATTRIBUTE8>18</ATTRIBUTE8>
    <ATTRIBUTE9>28-AUG-2023</ATTRIBUTE9>
    <ATTRIBUTE10>28-AUG-2023</ATTRIBUTE10>
    <ATTRIBUTE11>018</ATTRIBUTE11>
    <ATTRIBUTE12/>
    <ATTRIBUTE13/>
    <ATTRIBUTE14>*</ATTRIBUTE14>
    <ATTRIBUTE15/>
    <ATTRIBUTE16/>
    <ATTRIBUTE17/>
    <ATTRIBUTE18/>
    <ATTRIBUTE19/>
    <ATTRIBUTE20/>
  </SOL_TRANS_REC>
  <SOL_TRANS_REC>
    <LINE_TP_CODE/>
    <PO_LINE_NUMBER>13</PO_LINE_NUMBER>
    <LINE_NUMBER>13</LINE_NUMBER>
    <ORDERED_QUANTITY>1000</ORDERED_QUANTITY>
    <UNIT_OF_MEASURE>EA</UNIT_OF_MEASURE>
    <UNIT_SELLING_PRICE>17.6845</UNIT_SELLING_PRICE>
    <ORDERED_ITEM>PMNN4544ANPA</ORDERED_ITEM>
    <ITEM_REVISION/>
    <VENDOR_PART_NUMBER/>
    <LINE_ATTRIBUTE1>NE/YP</LINE_ATTRIBUTE1>
    <LINE_ATTRIBUTE2/>
    <LINE_CHANGE_TYPE/>
    <QTY_LEFT_TO_RECEIVE/>
    <ITEM_TYPE_CODE>STANDARD</ITEM_TYPE_CODE>
    <MODEL_LINE_ID/>
    <LINK_TO_MODEL_LINE_ID/>
    <SHIP_SET_NAME>19</SHIP_SET_NAME>
    <LINE_SHIPPING_INSTRUCTIONS>5103157080112</LINE_SHIPPING_INSTRUCTIONS>
    <LINE_PACKING_INSTRUCTIONS/>
    <LINE_LONG_NOTES/>
    <SHIPMENT_LINE_NUMBER>1</SHIPMENT_LINE_NUMBER>
    <REQUEST_DATE>14-DEC-2023</REQUEST_DATE>
    <SCHEDULE_SHIP_DATE>05-JAN-2024</SCHEDULE_SHIP_DATE>
    <PROMISE_DATE>05-JAN-2024</PROMISE_DATE>
    <ITEM_DESCRIPTION>BATTERY PACK,BATT IMPRES LIION IP68 2450T (TAIWAN)</ITEM_DESCRIPTION>
    <SHIP_TO_ID>995404</SHIP_TO_ID>
    <SHIP_TO_ADDRESS1>NO.21-23, JALAN BATU MAUNG, DIS3PLEX FCZ</SHIP_TO_ADDRESS1>
    <SHIP_TO_ADDRESS2>AIRFREIGHT FORWARDERS WAREHOUSING CARGO COMPLEX</SHIP_TO_ADDRESS2>
    <SHIP_TO_ADDRESS3>ZONE, AIRFREIGHT FORWARDERS WAREHOUSING CARGO</SHIP_TO_ADDRESS3>
    <SHIP_TO_ADDRESS4/>
    <SHIP_TO_CITY>PENANG</SHIP_TO_CITY>
    <SHIP_TO_STATE/>
    <SHIP_TO_ZIP_CODE>11960</SHIP_TO_ZIP_CODE>
    <SHIP_TO_CONTACT_NAME/>
    <SHIP_TO_CONTACT_PHONE_NO/>
    <SHIP_TO_COUNTRY>MY</SHIP_TO_COUNTRY>
    <LINE_WAREHOUSE_CODE>US7</LINE_WAREHOUSE_CODE>
    <LINE_ORDER_TYPE>EF_PEN_LINE</LINE_ORDER_TYPE>
    <LINE_FLOW_STATUS_CODE>AWAITING_SHIPPING</LINE_FLOW_STATUS_CODE>
    <LINE_SPLIT_FROM_LINE_NUMBER/>
    <LINE_ROUTING_CARRIER>000001_BWS_T_XP1</LINE_ROUTING_CARRIER>
    <CANCELLED_QUANTITY>0</CANCELLED_QUANTITY>
    <ITEM_SERIAL_CODE>N</ITEM_SERIAL_CODE>
    <SELLER_SUPPLIER_NUMBER>1096968</SELLER_SUPPLIER_NUMBER>
    <SELLER_SUPPLIER_SITE_CODE>002</SELLER_SUPPLIER_SITE_CODE>
    <SHIPMENT_PRIORITY>No Early / Yes Partial</SHIPMENT_PRIORITY>
    <SCAC_CODE>BWS</SCAC_CODE>
    <FREIGHT_MODE>TRUCK</FREIGHT_MODE>
    <FREIGHT_SERVICE_LEVEL>Express</FREIGHT_SERVICE_LEVEL>
    <SHIP_METHOD>BWS</SHIP_METHOD>
    <LINE_ID>92495962</LINE_ID>
    <ATO_LINE_ID/>
    <ATTRIBUTE1>1</ATTRIBUTE1>
    <ATTRIBUTE2>453</ATTRIBUTE2>
    <ATTRIBUTE3>217705</ATTRIBUTE3>
    <ATTRIBUTE4/>
    <ATTRIBUTE5>US</ATTRIBUTE5>
    <ATTRIBUTE6>0019</ATTRIBUTE6>
    <ATTRIBUTE7>RNSGVWH</ATTRIBUTE7>
    <ATTRIBUTE8>19</ATTRIBUTE8>
    <ATTRIBUTE9>28-AUG-2023</ATTRIBUTE9>
    <ATTRIBUTE10>28-AUG-2023</ATTRIBUTE10>
    <ATTRIBUTE11>019</ATTRIBUTE11>
    <ATTRIBUTE12/>
    <ATTRIBUTE13/>
    <ATTRIBUTE14>*</ATTRIBUTE14>
    <ATTRIBUTE15/>
    <ATTRIBUTE16/>
    <ATTRIBUTE17/>
    <ATTRIBUTE18/>
    <ATTRIBUTE19/>
    <ATTRIBUTE20/>
  </SOL_TRANS_REC>
  <SOL_TRANS_REC>
    <LINE_TP_CODE/>
    <PO_LINE_NUMBER>14</PO_LINE_NUMBER>
    <LINE_NUMBER>14</LINE_NUMBER>
    <ORDERED_QUANTITY>1000</ORDERED_QUANTITY>
    <UNIT_OF_MEASURE>EA</UNIT_OF_MEASURE>
    <UNIT_SELLING_PRICE>17.6845</UNIT_SELLING_PRICE>
    <ORDERED_ITEM>PMNN4544ANPA</ORDERED_ITEM>
    <ITEM_REVISION/>
    <VENDOR_PART_NUMBER/>
    <LINE_ATTRIBUTE1>NE/YP</LINE_ATTRIBUTE1>
    <LINE_ATTRIBUTE2/>
    <LINE_CHANGE_TYPE/>
    <QTY_LEFT_TO_RECEIVE/>
    <ITEM_TYPE_CODE>STANDARD</ITEM_TYPE_CODE>
    <MODEL_LINE_ID/>
    <LINK_TO_MODEL_LINE_ID/>
    <SHIP_SET_NAME>20</SHIP_SET_NAME>
    <LINE_SHIPPING_INSTRUCTIONS>5103157080112</LINE_SHIPPING_INSTRUCTIONS>
    <LINE_PACKING_INSTRUCTIONS/>
    <LINE_LONG_NOTES/>
    <SHIPMENT_LINE_NUMBER>1</SHIPMENT_LINE_NUMBER>
    <REQUEST_DATE>14-DEC-2023</REQUEST_DATE>
    <SCHEDULE_SHIP_DATE>05-JAN-2024</SCHEDULE_SHIP_DATE>
    <PROMISE_DATE>05-JAN-2024</PROMISE_DATE>
    <ITEM_DESCRIPTION>BATTERY PACK,BATT IMPRES LIION IP68 2450T (TAIWAN)</ITEM_DESCRIPTION>
    <SHIP_TO_ID>995404</SHIP_TO_ID>
    <SHIP_TO_ADDRESS1>NO.21-23, JALAN BATU MAUNG, DIS3PLEX FCZ</SHIP_TO_ADDRESS1>
    <SHIP_TO_ADDRESS2>AIRFREIGHT FORWARDERS WAREHOUSING CARGO COMPLEX</SHIP_TO_ADDRESS2>
    <SHIP_TO_ADDRESS3>ZONE, AIRFREIGHT FORWARDERS WAREHOUSING CARGO</SHIP_TO_ADDRESS3>
    <SHIP_TO_ADDRESS4/>
    <SHIP_TO_CITY>PENANG</SHIP_TO_CITY>
    <SHIP_TO_STATE/>
    <SHIP_TO_ZIP_CODE>11960</SHIP_TO_ZIP_CODE>
    <SHIP_TO_CONTACT_NAME/>
    <SHIP_TO_CONTACT_PHONE_NO/>
    <SHIP_TO_COUNTRY>MY</SHIP_TO_COUNTRY>
    <LINE_WAREHOUSE_CODE>US7</LINE_WAREHOUSE_CODE>
    <LINE_ORDER_TYPE>EF_PEN_LINE</LINE_ORDER_TYPE>
    <LINE_FLOW_STATUS_CODE>AWAITING_SHIPPING</LINE_FLOW_STATUS_CODE>
    <LINE_SPLIT_FROM_LINE_NUMBER/>
    <LINE_ROUTING_CARRIER>000001_BWS_T_XP1</LINE_ROUTING_CARRIER>
    <CANCELLED_QUANTITY>0</CANCELLED_QUANTITY>
    <ITEM_SERIAL_CODE>N</ITEM_SERIAL_CODE>
    <SELLER_SUPPLIER_NUMBER>1096968</SELLER_SUPPLIER_NUMBER>
    <SELLER_SUPPLIER_SITE_CODE>002</SELLER_SUPPLIER_SITE_CODE>
    <SHIPMENT_PRIORITY>No Early / Yes Partial</SHIPMENT_PRIORITY>
    <SCAC_CODE>BWS</SCAC_CODE>
    <FREIGHT_MODE>TRUCK</FREIGHT_MODE>
    <FREIGHT_SERVICE_LEVEL>Express</FREIGHT_SERVICE_LEVEL>
    <SHIP_METHOD>BWS</SHIP_METHOD>
    <LINE_ID>92495963</LINE_ID>
    <ATO_LINE_ID/>
    <ATTRIBUTE1>1</ATTRIBUTE1>
    <ATTRIBUTE2>453</ATTRIBUTE2>
    <ATTRIBUTE3>217706</ATTRIBUTE3>
    <ATTRIBUTE4/>
    <ATTRIBUTE5>US</ATTRIBUTE5>
    <ATTRIBUTE6>0020</ATTRIBUTE6>
    <ATTRIBUTE7>RNSGVWH</ATTRIBUTE7>
    <ATTRIBUTE8>20</ATTRIBUTE8>
    <ATTRIBUTE9>28-AUG-2023</ATTRIBUTE9>
    <ATTRIBUTE10>28-AUG-2023</ATTRIBUTE10>
    <ATTRIBUTE11>020</ATTRIBUTE11>
    <ATTRIBUTE12/>
    <ATTRIBUTE13/>
    <ATTRIBUTE14>*</ATTRIBUTE14>
    <ATTRIBUTE15/>
    <ATTRIBUTE16/>
    <ATTRIBUTE17/>
    <ATTRIBUTE18/>
    <ATTRIBUTE19/>
    <ATTRIBUTE20/>
  </SOL_TRANS_REC>
  <SOL_TRANS_REC>
    <LINE_TP_CODE/>
    <PO_LINE_NUMBER>15</PO_LINE_NUMBER>
    <LINE_NUMBER>15</LINE_NUMBER>
    <ORDERED_QUANTITY>1000</ORDERED_QUANTITY>
    <UNIT_OF_MEASURE>EA</UNIT_OF_MEASURE>
    <UNIT_SELLING_PRICE>17.6845</UNIT_SELLING_PRICE>
    <ORDERED_ITEM>PMNN4544ANPA</ORDERED_ITEM>
    <ITEM_REVISION/>
    <VENDOR_PART_NUMBER/>
    <LINE_ATTRIBUTE1>NE/YP</LINE_ATTRIBUTE1>
    <LINE_ATTRIBUTE2/>
    <LINE_CHANGE_TYPE/>
    <QTY_LEFT_TO_RECEIVE/>
    <ITEM_TYPE_CODE>STANDARD</ITEM_TYPE_CODE>
    <MODEL_LINE_ID/>
    <LINK_TO_MODEL_LINE_ID/>
    <SHIP_SET_NAME>21</SHIP_SET_NAME>
    <LINE_SHIPPING_INSTRUCTIONS>5103157080112</LINE_SHIPPING_INSTRUCTIONS>
    <LINE_PACKING_INSTRUCTIONS/>
    <LINE_LONG_NOTES/>
    <SHIPMENT_LINE_NUMBER>1</SHIPMENT_LINE_NUMBER>
    <REQUEST_DATE>14-DEC-2023</REQUEST_DATE>
    <SCHEDULE_SHIP_DATE>05-JAN-2024</SCHEDULE_SHIP_DATE>
    <PROMISE_DATE>05-JAN-2024</PROMISE_DATE>
    <ITEM_DESCRIPTION>BATTERY PACK,BATT IMPRES LIION IP68 2450T (TAIWAN)</ITEM_DESCRIPTION>
    <SHIP_TO_ID>995404</SHIP_TO_ID>
    <SHIP_TO_ADDRESS1>NO.21-23, JALAN BATU MAUNG, DIS3PLEX FCZ</SHIP_TO_ADDRESS1>
    <SHIP_TO_ADDRESS2>AIRFREIGHT FORWARDERS WAREHOUSING CARGO COMPLEX</SHIP_TO_ADDRESS2>
    <SHIP_TO_ADDRESS3>ZONE, AIRFREIGHT FORWARDERS WAREHOUSING CARGO</SHIP_TO_ADDRESS3>
    <SHIP_TO_ADDRESS4/>
    <SHIP_TO_CITY>PENANG</SHIP_TO_CITY>
    <SHIP_TO_STATE/>
    <SHIP_TO_ZIP_CODE>11960</SHIP_TO_ZIP_CODE>
    <SHIP_TO_CONTACT_NAME/>
    <SHIP_TO_CONTACT_PHONE_NO/>
    <SHIP_TO_COUNTRY>MY</SHIP_TO_COUNTRY>
    <LINE_WAREHOUSE_CODE>US7</LINE_WAREHOUSE_CODE>
    <LINE_ORDER_TYPE>EF_PEN_LINE</LINE_ORDER_TYPE>
    <LINE_FLOW_STATUS_CODE>AWAITING_SHIPPING</LINE_FLOW_STATUS_CODE>
    <LINE_SPLIT_FROM_LINE_NUMBER/>
    <LINE_ROUTING_CARRIER>000001_BWS_T_XP1</LINE_ROUTING_CARRIER>
    <CANCELLED_QUANTITY>0</CANCELLED_QUANTITY>
    <ITEM_SERIAL_CODE>N</ITEM_SERIAL_CODE>
    <SELLER_SUPPLIER_NUMBER>1096968</SELLER_SUPPLIER_NUMBER>
    <SELLER_SUPPLIER_SITE_CODE>002</SELLER_SUPPLIER_SITE_CODE>
    <SHIPMENT_PRIORITY>No Early / Yes Partial</SHIPMENT_PRIORITY>
    <SCAC_CODE>BWS</SCAC_CODE>
    <FREIGHT_MODE>TRUCK</FREIGHT_MODE>
    <FREIGHT_SERVICE_LEVEL>Express</FREIGHT_SERVICE_LEVEL>
    <SHIP_METHOD>BWS</SHIP_METHOD>
    <LINE_ID>92495964</LINE_ID>
    <ATO_LINE_ID/>
    <ATTRIBUTE1>1</ATTRIBUTE1>
    <ATTRIBUTE2>453</ATTRIBUTE2>
    <ATTRIBUTE3>217707</ATTRIBUTE3>
    <ATTRIBUTE4/>
    <ATTRIBUTE5>US</ATTRIBUTE5>
    <ATTRIBUTE6>0021</ATTRIBUTE6>
    <ATTRIBUTE7>RNSGVWH</ATTRIBUTE7>
    <ATTRIBUTE8>21</ATTRIBUTE8>
    <ATTRIBUTE9>28-AUG-2023</ATTRIBUTE9>
    <ATTRIBUTE10>28-AUG-2023</ATTRIBUTE10>
    <ATTRIBUTE11>021</ATTRIBUTE11>
    <ATTRIBUTE12/>
    <ATTRIBUTE13/>
    <ATTRIBUTE14>*</ATTRIBUTE14>
    <ATTRIBUTE15/>
    <ATTRIBUTE16/>
    <ATTRIBUTE17/>
    <ATTRIBUTE18/>
    <ATTRIBUTE19/>
    <ATTRIBUTE20/>
  </SOL_TRANS_REC>
  <SOL_TRANS_REC>
    <LINE_TP_CODE/>
    <PO_LINE_NUMBER>16</PO_LINE_NUMBER>
    <LINE_NUMBER>16</LINE_NUMBER>
    <ORDERED_QUANTITY>1000</ORDERED_QUANTITY>
    <UNIT_OF_MEASURE>EA</UNIT_OF_MEASURE>
    <UNIT_SELLING_PRICE>17.6845</UNIT_SELLING_PRICE>
    <ORDERED_ITEM>PMNN4544ANPA</ORDERED_ITEM>
    <ITEM_REVISION/>
    <VENDOR_PART_NUMBER/>
    <LINE_ATTRIBUTE1>NE/YP</LINE_ATTRIBUTE1>
    <LINE_ATTRIBUTE2/>
    <LINE_CHANGE_TYPE/>
    <QTY_LEFT_TO_RECEIVE/>
    <ITEM_TYPE_CODE>STANDARD</ITEM_TYPE_CODE>
    <MODEL_LINE_ID/>
    <LINK_TO_MODEL_LINE_ID/>
    <SHIP_SET_NAME>22</SHIP_SET_NAME>
    <LINE_SHIPPING_INSTRUCTIONS>5103157080112</LINE_SHIPPING_INSTRUCTIONS>
    <LINE_PACKING_INSTRUCTIONS/>
    <LINE_LONG_NOTES/>
    <SHIPMENT_LINE_NUMBER>1</SHIPMENT_LINE_NUMBER>
    <REQUEST_DATE>14-DEC-2023</REQUEST_DATE>
    <SCHEDULE_SHIP_DATE>05-JAN-2024</SCHEDULE_SHIP_DATE>
    <PROMISE_DATE>05-JAN-2024</PROMISE_DATE>
    <ITEM_DESCRIPTION>BATTERY PACK,BATT IMPRES LIION IP68 2450T (TAIWAN)</ITEM_DESCRIPTION>
    <SHIP_TO_ID>995404</SHIP_TO_ID>
    <SHIP_TO_ADDRESS1>NO.21-23, JALAN BATU MAUNG, DIS3PLEX FCZ</SHIP_TO_ADDRESS1>
    <SHIP_TO_ADDRESS2>AIRFREIGHT FORWARDERS WAREHOUSING CARGO COMPLEX</SHIP_TO_ADDRESS2>
    <SHIP_TO_ADDRESS3>ZONE, AIRFREIGHT FORWARDERS WAREHOUSING CARGO</SHIP_TO_ADDRESS3>
    <SHIP_TO_ADDRESS4/>
    <SHIP_TO_CITY>PENANG</SHIP_TO_CITY>
    <SHIP_TO_STATE/>
    <SHIP_TO_ZIP_CODE>11960</SHIP_TO_ZIP_CODE>
    <SHIP_TO_CONTACT_NAME/>
    <SHIP_TO_CONTACT_PHONE_NO/>
    <SHIP_TO_COUNTRY>MY</SHIP_TO_COUNTRY>
    <LINE_WAREHOUSE_CODE>US7</LINE_WAREHOUSE_CODE>
    <LINE_ORDER_TYPE>EF_PEN_LINE</LINE_ORDER_TYPE>
    <LINE_FLOW_STATUS_CODE>AWAITING_SHIPPING</LINE_FLOW_STATUS_CODE>
    <LINE_SPLIT_FROM_LINE_NUMBER/>
    <LINE_ROUTING_CARRIER>000001_BWS_T_XP1</LINE_ROUTING_CARRIER>
    <CANCELLED_QUANTITY>0</CANCELLED_QUANTITY>
    <ITEM_SERIAL_CODE>N</ITEM_SERIAL_CODE>
    <SELLER_SUPPLIER_NUMBER>1096968</SELLER_SUPPLIER_NUMBER>
    <SELLER_SUPPLIER_SITE_CODE>002</SELLER_SUPPLIER_SITE_CODE>
    <SHIPMENT_PRIORITY>No Early / Yes Partial</SHIPMENT_PRIORITY>
    <SCAC_CODE>BWS</SCAC_CODE>
    <FREIGHT_MODE>TRUCK</FREIGHT_MODE>
    <FREIGHT_SERVICE_LEVEL>Express</FREIGHT_SERVICE_LEVEL>
    <SHIP_METHOD>BWS</SHIP_METHOD>
    <LINE_ID>92495965</LINE_ID>
    <ATO_LINE_ID/>
    <ATTRIBUTE1>1</ATTRIBUTE1>
    <ATTRIBUTE2>453</ATTRIBUTE2>
    <ATTRIBUTE3>217708</ATTRIBUTE3>
    <ATTRIBUTE4/>
    <ATTRIBUTE5>US</ATTRIBUTE5>
    <ATTRIBUTE6>0022</ATTRIBUTE6>
    <ATTRIBUTE7>RNSGVWH</ATTRIBUTE7>
    <ATTRIBUTE8>22</ATTRIBUTE8>
    <ATTRIBUTE9>28-AUG-2023</ATTRIBUTE9>
    <ATTRIBUTE10>28-AUG-2023</ATTRIBUTE10>
    <ATTRIBUTE11>022</ATTRIBUTE11>
    <ATTRIBUTE12/>
    <ATTRIBUTE13/>
    <ATTRIBUTE14>*</ATTRIBUTE14>
    <ATTRIBUTE15/>
    <ATTRIBUTE16/>
    <ATTRIBUTE17/>
    <ATTRIBUTE18/>
    <ATTRIBUTE19/>
    <ATTRIBUTE20/>
  </SOL_TRANS_REC>
</GO_TRANSACTIONS>
